Nom de l'hôtel,Lieu,Emplacement,Équipements,Évaluation
Le Sultan,Hammamet,Non trouvé,"Chauffage, Climatisation, Coffre fort dans la chambre, Salle de bains avec baignoire, Salle de bains avec douche, WIFI Gratuit dans les locaux communs, Bar, Restaurant (a la carte), Restaurant (Buffet), Snack-bar, Restaurant",4.5
Lella Baya & Thalasso,Hammamet,Non trouvé,"Chauffage, Climatisation, Coffre fort dans la chambre, Salle de bains avec baignoire, Salle de bains avec douche, WIFI Gratuit dans les locaux communs, Bar, Restaurant (a la carte), Restaurant (Buffet), Snack-bar, Restaurant",4.0
The Russelior,Hammamet,Non trouvé,"Chauffage, Climatisation, Coffre fort dans la chambre, Salle de bains avec baignoire, Salle de bains avec douche, WIFI Gratuit dans les locaux communs, Bar, Restaurant (a la carte), Restaurant (Buffet), Snack-bar, Restaurant",4.0
Magic Life Africana,Hammamet,Non trouvé,"Chauffage, Climatisation, Coffre fort dans la chambre, Salle de bains avec baignoire, Salle de bains avec douche, Bar, Restaurant (Buffet), Snack-bar, Restaurant",4.5
Houda Yasmine Hammamet,Hammamet,Non trouvé,"Chauffage, Climatisation, Coffre fort dans la chambre, Salle de bains avec douche, WIFI Gratuit dans les locaux communs, Bar, Restaurant (a la carte), Restaurant (Buffet), Restaurant",4.0
Hammamet Hotel & Spa,Hammamet,Non trouvé,"Bar, Restaurant (Buffet)",4.0
El Mouradi El Menzah,Hammamet,Non trouvé,"Chauffage, Climatisation, WIFI Gratuit dans les locaux communs, Restaurant (Buffet)",3.5
TUI BLUE Manar,Hammamet,Non trouvé,"Chauffage, Climatisation, Coffre fort dans la chambre, Salle de bains avec baignoire, Salle de bains avec douche, WIFI Gratuit dans les locaux communs, Bar, Restaurant (a la carte), Restaurant (Buffet), Snack-bar, Restaurant",4.5
Shalimar Aquapark,Hammamet,Non trouvé,,4.0
Tunisia Lodge,Hammamet,Non trouvé,"WIFI Gratuit dans les locaux communs, Restaurant (Buffet)",4.5
Bel Azur Thalasso & Bungalows,Hammamet,Non trouvé,"Chauffage, Climatisation, Coffre fort dans la chambre, Salle de bains avec baignoire, Salle de bains avec douche, WIFI Gratuit dans les locaux communs, WIFI Gratuit dans la chambre, Bar, Restaurant (a la carte), Restaurant (Buffet), Snack-bar, Restaurant",4.5
Sol Azur Beach Congres,Hammamet,Non trouvé,"Chauffage, Climatisation, Salle de bains avec baignoire, Salle de bains avec douche, Bar, Restaurant (a la carte), Restaurant (Buffet), Restaurant",4.0
Menara,Hammamet,Non trouvé,"Chauffage, Climatisation, Coffre fort dans la chambre, Restaurant (a la carte), Restaurant (Buffet), Restaurant",3.5
Golden Tulip President Hammamet,Hammamet,Non trouvé,,4.0
TUI BLUE Palm Beach Hammamet,Hammamet,Non trouvé,"Bar, Restaurant (a la carte), Restaurant (Buffet)",4.5
El Mouradi Hammamet,Hammamet,Non trouvé,"Climatisation, Salle de bains avec baignoire, WIFI Gratuit dans les locaux communs, Restaurant (Buffet), Snack-bar",3.5
TMK Atrium,Hammamet,Non trouvé,"Chauffage, Climatisation, Salle de bains avec baignoire, WIFI Gratuit dans les locaux communs, WIFI Gratuit dans la chambre, Bar, Restaurant (Buffet)",4.0
Steigenberger Marhaba Thalasso,Hammamet,Non trouvé,"Chauffage, Climatisation, Coffre fort dans la chambre, Salle de bains avec baignoire, Salle de bains avec douche, WIFI Gratuit dans les locaux communs, Bar, Restaurant (a la carte), Restaurant (Buffet), Snack-bar, Restaurant",4.5
Radisson Blu Resort and Thalasso Hammamet,Hammamet,Non trouvé,"Chauffage, Climatisation, Coffre fort dans la chambre, Salle de bains avec baignoire, Salle de bains avec douche, Bar, Restaurant (a la carte), Restaurant (Buffet), Restaurant",4.0
Royal Azur Thalassa,Hammamet,Non trouvé,"Coffre fort dans la chambre, WIFI Gratuit dans la chambre, Bar, Restaurant (a la carte), Restaurant (Buffet)",4.0
Tui Splashworld Venus,Hammamet,Non trouvé,"WIFI Gratuit dans les locaux communs, WIFI Gratuit dans la chambre, Bar",4.5
Mediterranee Thalasso Golf,Hammamet,Non trouvé,"Chauffage, Climatisation, Coffre fort dans la chambre, Salle de bains avec baignoire, Salle de bains avec douche, WIFI Gratuit dans les locaux communs, Bar, Restaurant (Buffet), Restaurant",4.0
Aziza Thalasso & Golf,Hammamet,Non trouvé,"Chauffage, Climatisation, Coffre fort dans la chambre, Salle de bains avec baignoire, Salle de bains avec douche, WIFI Gratuit dans les locaux communs, Bar, Restaurant (a la carte), Restaurant (Buffet), Snack-bar, Restaurant",4.5
TMK Flora Park,Hammamet,Non trouvé,"WIFI Gratuit dans les locaux communs, WIFI Gratuit dans la chambre, Bar, Restaurant (Buffet)",4.5
Laico,Hammamet,Non trouvé,,4.0
Alhambra Thalasso,Hammamet,Non trouvé,"Chauffage, Climatisation, Coffre fort dans la chambre, Salle de bains avec baignoire, Salle de bains avec douche, WIFI Gratuit dans les locaux communs, Bar, Restaurant (a la carte), Restaurant (Buffet), Snack-bar, Restaurant",4.0
Nesrine,Hammamet,Non trouvé,"Chauffage, Salle de bains avec baignoire, Salle de bains avec douche, Bar, Restaurant (Buffet), Restaurant",3.5
Zodiac Hotel & Aqua Park,Hammamet,Non trouvé,"Chauffage, Climatisation, Coffre fort dans la chambre, Salle de bains avec baignoire, Salle de bains avec douche, WIFI Gratuit dans les locaux communs, Bar, Restaurant (a la carte), Restaurant (Buffet), Restaurant",4.0
Marina Palace,Hammamet,Non trouvé,"Chauffage, Climatisation, Coffre fort dans la chambre, Salle de bains avec baignoire, Salle de bains avec douche, WIFI Gratuit dans les locaux communs, Bar, Restaurant (a la carte), Restaurant (Buffet), Snack-bar, Restaurant",3.0
Oceana Hotel & SPA,Hammamet,Non trouvé,"Chauffage, Climatisation, Coffre fort dans la chambre, Salle de bains avec baignoire, Salle de bains avec douche, Bar, Restaurant (a la carte), Restaurant (Buffet), Snack-bar",4.5
Vincci Saphir Palace & SPA,Hammamet,Non trouvé,"Chauffage, Climatisation, Salle de bains avec baignoire, Salle de bains avec douche, WIFI Gratuit dans les locaux communs, Bar, Restaurant (a la carte), Restaurant (Buffet), Snack-bar, Restaurant",4.0
Le Royal Hammamet,Hammamet,Non trouvé,"Chauffage, Climatisation, Coffre fort dans la chambre, Salle de bains avec baignoire, Salle de bains avec douche, Bar, Restaurant (a la carte), Restaurant (Buffet), Snack-bar, Restaurant",4.0
Occidental Marco Polo,Hammamet,Non trouvé,"Climatisation, Salle de bains avec baignoire, WIFI Gratuit dans la chambre, Bar, Restaurant (Buffet), Restaurant",4.0
The Mirage Resort & Spa,Hammamet,Non trouvé,"Chauffage, Climatisation, Salle de bains avec baignoire, Restaurant (Buffet)",4.0
Golden Yasmine Mehari Hammamet,Hammamet,Non trouvé,"Chauffage, Climatisation, Coffre fort dans la chambre, WIFI Gratuit dans les locaux communs, Bar, Restaurant (a la carte), Restaurant (Buffet), Snack-bar, Restaurant",4.0
Blumar Resort & SPA,Hammamet,Non trouvé,"Chauffage, Climatisation, WIFI Gratuit dans les locaux communs, Restaurant",4.0
Nahrawess Thalasso and Resort,Hammamet,Non trouvé,"Chauffage, Climatisation, Salle de bains avec douche, Bar",3.0
Hammamet Garden Resort & Spa,Hammamet,Non trouvé,"WIFI Gratuit dans les locaux communs, WIFI Gratuit dans la chambre, Bar, Restaurant (Buffet), Restaurant",3.5
Medina Solaria et Thalasso,Hammamet,Non trouvé,"Chauffage, Climatisation, Salle de bains avec baignoire, Salle de bains avec douche, WIFI Gratuit dans les locaux communs, Bar, Restaurant (a la carte), Restaurant (Buffet), Snack-bar, Restaurant",4.5
Sentido Phenicia,Hammamet,Non trouvé,"Chauffage, Climatisation, Coffre fort dans la chambre, Salle de bains avec douche, WIFI Gratuit dans les locaux communs, WIFI Gratuit dans la chambre, Bar, Restaurant (Buffet), Restaurant",4.5
One Resort Premium,Hammamet,Non trouvé,"Climatisation, Salle de bains avec douche, WIFI Gratuit dans les locaux communs, Restaurant (Buffet), Snack-bar, Restaurant",3.5
EL Fell,Hammamet,Non trouvé,"WIFI Gratuit dans les locaux communs, Bar, Restaurant (Buffet)",3.5
Residence Romane,Hammamet,Non trouvé,"Chauffage, Climatisation, Salle de bains avec douche, WIFI Gratuit dans les locaux communs, Bar, Restaurant (Buffet), Restaurant",4.0
Les Orangers Garden Villas & Bungalows,Hammamet,Non trouvé,,4.5
Green Golf et Aquapark,Hammamet,Non trouvé,"Bar, Restaurant (Buffet)",
Zenith,Hammamet,Non trouvé,"Chauffage, Climatisation, Salle de bains avec baignoire, Salle de bains avec douche, WIFI Gratuit dans les locaux communs, Bar, Restaurant (Buffet), Restaurant",3.0
Hello Hotels,Hammamet,Non trouvé,"Chauffage, Restaurant (Buffet)",
Calimera Delfino Beach,Hammamet,Non trouvé,"Chauffage, Climatisation, Coffre fort dans la chambre, Salle de bains avec baignoire, Salle de bains avec douche, WIFI Gratuit dans les locaux communs, Bar, Restaurant (a la carte), Restaurant (Buffet)",4.0
Medina Belisaire et Thalasso,Hammamet,Non trouvé,"Chauffage, Climatisation, Coffre fort dans la chambre, WIFI Gratuit dans les locaux communs, Bar, Restaurant (a la carte), Restaurant (Buffet), Snack-bar, Restaurant",4.5
Royal Nozha Beach,Hammamet,Non trouvé,,4.5
The Orangers Beach Resort,Hammamet,Non trouvé,,4.5
Omar Khayam,Hammamet,Non trouvé,"WIFI Gratuit dans les locaux communs, Bar, Restaurant (a la carte), Restaurant (Buffet), Snack-bar",3.5
Iberostar Averroes,Hammamet,Non trouvé,"Chauffage, Climatisation, Coffre fort dans la chambre, Salle de bains avec baignoire, WIFI Gratuit dans les locaux communs, Restaurant (Buffet)",4.0
Paradis Palace,Hammamet,Non trouvé,"Chauffage, Climatisation, Coffre fort dans la chambre, Salle de bains avec baignoire, Salle de bains avec douche, WIFI Gratuit dans les locaux communs, Bar, Restaurant (a la carte), Restaurant (Buffet), Snack-bar, Restaurant",4.0
